{"mel_mean": -6.337929725646973, "mel_std": 2.432408332824707}